"ID","Date","Description","Work Time (Formatted)","Work Time (Seconds)","Rest Time (Formatted)","Rest Time (Seconds)","Work Distance","Rest Distance","Stroke Rate/Cadence","Stroke Count","Pace","Avg Watts","Cal/Hour","Total Cal","Avg Heart Rate","Drag Factor","Age","Weight","Type","Ranked","Comments"
"26438750","2016-04-29 13:27:00","1224m row","""4:31.9""","271.9","","","1224","","28","141","1:51.0","255","1179","86","","","38","Hwt","Indoor Rower","No",""
"26438714","2016-04-29 13:20:00","5000m row","""21:19.4""","1279.4","","","5000","","22","108","2:07.9","167","875","309","","","38","Hwt","Indoor Rower","No",""
"26438635","2016-04-29 12:56:00","5000m row","""21:25.6""","1285.6","","","5000","","22","89","2:08.5","165","866","308","","","38","Hwt","Indoor Rower","No",""
"26427794","2016-04-27 20:01:00","1000m row","""3:49.9""","229.9","","","1000","","25","126","1:54.9","230","1093","67","","","38","Hwt","Indoor Rower","No",""
"26427712","2016-04-27 19:55:00","5000m row","""22:05.3""","1325.3","","","5000","","21","107","2:12.5","150","817","299","","","38","Hwt","Indoor Rower","No",""
"26427587","2016-04-27 19:30:00","5000m row","""21:58.4""","1318.4","","","5000","","21","107","2:11.8","153","825","300","","","38","Hwt","Indoor Rower","No",""
"26411068","2016-04-25 20:15:00","5000m row","""22:13.8""","1333.8","","","5000","","21","106","2:13.3","148","807","296","","","38","Hwt","Indoor Rower","No",""
"26410921","2016-04-25 19:49:00","3000m row","""13:16.0""","796","","","3000","","21","107","2:12.6","150","815","177","184","","38","Hwt","Indoor Rower","No",""
"26410922","2016-04-25 19:34:00","2000m row","""8:34.0""","514","","","2000","","22","110","2:08.5","165","867","121","","","38","Hwt","Indoor Rower","No",""
"26400364","2016-04-24 10:45:00","6098m row","""27:03.9""","1623.9","","","6098","","22","110","2:13.1","148","810","365","","","38","Hwt","Indoor Rower","No",""
"26400236","2016-04-24 10:11:00","5000m row","""22:27.1""","1347.1","","","5000","","22","110","2:14.7","143","792","295","","","38","Hwt","Indoor Rower","No",""
"26400158","2016-04-24 09:43:00","5000m row","""22:26.3""","1346.3","","","5000","","21","106","2:14.6","143","793","295","","","38","Hwt","Indoor Rower","No",""
"26400159","2016-04-24 09:12:00","5000m row","""22:27.3""","1347.3","","","5000","","21","105","2:14.7","143","792","295","","","38","Hwt","Indoor Rower","No",""
"26377340","2016-04-20 20:02:00","10:00 row","""10:00.0""","600","","","2313","","21","104","2:09.7","160","852","140","","","38","Hwt","Indoor Rower","No",""
"26377341","2016-04-20 19:17:00","10:00 row","""10:00.0""","600","","","2453","","22","112","2:02.2","191","958","157","","","38","Hwt","Indoor Rower","No",""
"26352901","2016-04-17 10:52:00","1600m row","""6:03.4""","363.4","","","1600","","28","110","1:53.5","239","1122","111","","","38","Hwt","Indoor Rower","No",""
"26352742","2016-04-17 10:21:00","4x200m/1:00r row","""2:29.4""","149.4","4:00.0","240","800","108","32","128","1:33.3","430","1779","46","","","38","Hwt","Indoor Rower","No",""
"26352743","2016-04-17 10:13:00","10:00 row","""10:00.0""","600","","","2343","","22","110","2:08.0","167","873","144","","","38","Hwt","Indoor Rower","No",""
"26346534","2016-04-16 11:58:00","5000m row","""21:18.5""","1278.5","","","5000","","22","108","2:07.8","167","876","309","","","38","Hwt","Indoor Rower","No",""
"26346535","2016-04-16 11:29:00","3000m row","""12:39.6""","759.6","","","3000","","21","104","2:06.6","172","893","186","184","","38","Hwt","Indoor Rower","No",""
"26346536","2016-04-16 11:04:00","3000m row","""12:46.8""","766.8","","","3000","","21","103","2:07.8","168","877","185","184","","38","Hwt","Indoor Rower","No",""
"26327119","2016-04-13 19:58:00","10:00 row","""10:00.0""","600","","","2274","","21","106","2:11.9","152","824","136","","","38","Hwt","Indoor Rower","No",""
"26327120","2016-04-13 19:19:00","10:00 row","""10:00.0""","600","","","2372","","24","119","2:06.4","173","895","147","","","38","Hwt","Indoor Rower","No",""
"26300586","2016-04-10 11:01:00","5:00 row","""5:00.0""","300","","","1120","","23","117","2:13.9","146","801","65","","","38","Hwt","Indoor Rower","No",""
"26300587","2016-04-10 10:54:00","1:00 row","""1:00.0""","60","","","302","","33","33","1:39.3","357","1528","25","","","38","Hwt","Indoor Rower","No",""
"26300588","2016-04-10 10:50:00","1:00 row","""1:00.0""","60","","","284","","31","31","1:45.6","297","1321","22","","","38","Hwt","Indoor Rower","No",""
"26300590","2016-04-10 10:46:00","1:00 row","""1:00.0""","60","","","276","","32","32","1:48.6","273","1237","20","","","38","Hwt","Indoor Rower","No",""
"26300592","2016-04-10 10:18:00","15:00 row","""15:00.0""","900","","","3533","","23","114","2:07.3","169","882","219","","","38","Hwt","Indoor Rower","No",""
"26293636","2016-04-09 11:24:00","5000m row","""21:58.0""","1318","","","5000","","23","114","2:11.8","153","826","301","184","","38","Hwt","Indoor Rower","No",""
"26300598","2016-04-09 10:54:00","5,000m row","""21:34.6""","1294.6","","","5000","","","","2:09.4","161","855","307","","","38","Hwt","Indoor Rower","No",""
"26274385","2016-04-06 19:55:00","5:00 row","""5:00.0""","300","","","1112","","21","103","2:14.8","143","790","64","","","38","Hwt","Indoor Rower","No",""
"26274386","2016-04-06 19:48:00","10:00 row","""10:00.0""","600","","","2436","","21","107","2:03.1","187","944","156","","","38","Hwt","Indoor Rower","No",""
"26274387","2016-04-06 19:14:00","10:00 row","""10:00.0""","600","","","2352","","22","110","2:07.5","169","880","145","","","38","Hwt","Indoor Rower","No",""
"26245382","2016-04-03 10:02:00","100m row","""0:22.7""","22.7","","","100","","26","26","1:53.5","239","1123","7","","","38","Hwt","Indoor Rower","No",""
"26245378","2016-04-03 10:01:00","433m row","""1:52.0""","112","","","433","","25","124","2:09.3","162","856","25","","","38","Hwt","Indoor Rower","No",""
"26245374","2016-04-03 09:57:00","5000m row","""21:24.1""","1284.1","","","5000","","23","115","2:08.4","165","868","306","","","38","Hwt","Indoor Rower","No",""
"26245375","2016-04-03 09:32:00","5000m row","""21:28.3""","1288.3","","","5000","","22","111","2:08.8","164","863","306","","","38","Hwt","Indoor Rower","No",""
"26238414","2016-04-02 10:55:00","5:00 row","""5:00.0""","300","","","1162","","22","112","2:09.0","163","859","69","","","38","Hwt","Indoor Rower","No",""
"26238295","2016-04-02 10:13:00","10:00 row","""10:00.0""","600","","","2482","","23","228","2:00.8","198","982","163","","","38","Hwt","Indoor Rower","No",""
"26216251","2016-03-30 19:57:00","10:00 row","""10:00.0""","600","","","2344","","23","113","2:07.9","167","874","142","","","38","Hwt","Indoor Rower","No",""
"26191894","2016-03-28 10:24:00","10:00 row","""10:00.0""","600","","","2328","","22","222","2:08.8","164","862","142","","","38","Hwt","Indoor Rower","No",""
"26191895","2016-03-28 09:42:00","10:00 row","""10:00.0""","600","","","2507","","24","118","1:59.6","204","1002","166","","","38","Hwt","Indoor Rower","No",""
"26187206","2016-03-27 09:52:00","10:00 row","""10:00.0""","600","","","2321","","23","114","2:09.2","162","857","141","","","38","Hwt","Indoor Rower","No",""
"26187207","2016-03-27 09:14:00","10:00 row","""10:00.0""","600","","","2456","","24","122","2:02.1","192","960","159","","","38","Hwt","Indoor Rower","No",""
"26170857","2016-03-25 11:51:00","5000m row","""21:20.5""","1280.5","","","5000","","22","112","2:08.0","167","873","308","","","38","Hwt","Indoor Rower","No",""
"26170647","2016-03-25 11:23:00","5000m row","""21:29.6""","1289.6","","","5000","","22","220","2:08.9","163","861","306","","","38","Hwt","Indoor Rower","No",""
"26170648","2016-03-25 10:56:00","5000m row","""21:26.9""","1286.9","","","5000","","22","109","2:08.6","164","865","306","184","","38","Hwt","Indoor Rower","No",""
"26157425","2016-03-23 19:37:00","10:00 row","""10:00.0""","600","","","2465","","23","117","2:01.7","194","968","160","","","38","Hwt","Indoor Rower","No",""
"26157426","2016-03-23 19:24:00","15:00 row","""15:00.0""","900","","","3566","","23","113","2:06.1","174","899","223","","","38","Hwt","Indoor Rower","No",""
"26125367","2016-03-20 10:33:00","3:00 row","""3:00.0""","180","","","805","","27","80","1:51.8","250","1161","57","","","38","Hwt","Indoor Rower","No",""
"26125512","2016-03-20 10:18:00","15:00 row","""15:00.0""","900","","","3537","","23","113","2:07.2","170","884","219","","","38","Hwt","Indoor Rower","No",""
"26118008","2016-03-19 10:53:00","5000m row","""21:36.1""","1296.1","","","5000","","22","108","2:09.6","161","853","305","","","38","Hwt","Indoor Rower","No",""
"26118014","2016-03-19 00:00:00","5,000m row","""21:34.1""","1294.1","","","5000","","","","2:09.4","161","855","307","","","38","Hwt","Indoor Rower","No",""
"26064229","2016-03-13 10:19:00","15:00 row","""15:00.0""","900","","","3711","","23","114","2:01.2","196","975","242","184","","38","Hwt","Indoor Rower","No",""
"26061658","2016-03-09 19:51:00","5:00 row","""5:00.0""","300","","","1158","","22","108","2:09.5","161","854","70","184","","38","Hwt","Indoor Rower","No",""
"26061660","2016-03-09 19:17:00","10:00 row","""10:00.0""","600","","","2483","","23","114","2:00.8","198","982","162","184","","38","Hwt","Indoor Rower","No",""
"25845162","2016-02-16 14:36:00","1,208m row","""5:00.0""","300","","","1208","","","","2:04.1","183","929","77","","","38","Hwt","Indoor Rower","No",""
"25835413","2016-02-15 13:50:00","27:41 row","""24:41.6""","1481.6","3:00.0","180","6000","70","22","65","2:03.4","186","939","355","184","","38","Hwt","Indoor Rower","No",""
"25825681","2016-02-14 10:46:00","3:00 row","""1:30.0""","90","1:30.0","90","454","50","33","99","1:39.1","359","1536","26","184","","38","Hwt","Indoor Rower","No",""
"25825683","2016-02-14 10:42:00","100m row","""0:16.0""","16","","","100","","49","24","1:20.0","684","2652","11","","","38","Hwt","Indoor Rower","Yes",""
"25825684","2016-02-14 10:12:00","10:00 row","""10:00.0""","600","","","2478","","23","457","2:01.0","197","978","161","","","38","Hwt","Indoor Rower","No",""
"25817480","2016-02-13 10:25:00","27:33 row","""24:33.3""","1473.3","3:00.0","180","6000","83","21","1031","2:02.7","189","950","358","","","38","Hwt","Indoor Rower","No",""
"25811732","2016-02-12 14:30:00","7000m row","""28:57.8""","1737.8","","","7000","","21","1221","2:04.1","183","929","447","","","38","Hwt","Indoor Rower","No",""
"25798237","2016-02-10 19:59:00","10:00 row","""10:00.0""","600","","","2249","","21","417","2:13.3","147","807","132","","","38","Hwt","Indoor Rower","No",""
"25798229","2016-02-10 19:47:00","1,000m row","""3:50.6""","230.6","","","1000","","","","1:55.3","228","1085","70","","","38","Hwt","Indoor Rower","No",""
"25798228","2016-02-10 19:24:00","3,664m row","""15:00.0""","900","","","3664","","","","2:02.8","189","950","238","","","38","Hwt","Indoor Rower","No",""
"25775914","2016-02-08 13:34:00","4,052m row","""16:35.4""","995.4","","","4052","","","","2:02.8","189","950","263","","","38","Hwt","Indoor Rower","No",""
"25775915","2016-02-08 13:13:00","2,000m row","""8:15.5""","495.5","","","2000","","","","2:03.8","184","933","128","","","38","Hwt","Indoor Rower","No",""
"25766908","2016-02-07 10:49:00","2,350m row","""10:00.0""","600","","","2350","","","","2:07.6","168","878","146","","","38","Hwt","Indoor Rower","No",""
"25766910","2016-02-07 10:14:00","2,500m row","""10:00.0""","600","","","2500","","","","2:00.0","203","997","166","","","38","Hwt","Indoor Rower","No",""
"25752296","2016-02-05 14:18:00","4,051m row","""16:27.7""","987.7","","","4051","","","","2:01.9","193","964","264","","","38","Hwt","Indoor Rower","No",""
"25742597","2016-02-04 13:46:00","4,034m row","""16:27.1""","987.1","","","4034","","","","2:02.3","191","957","262","","","38","Hwt","Indoor Rower","No",""
"25742598","2016-02-04 13:20:00","500m row","""1:53.6""","113.6","","","500","","","","1:53.6","239","1121","35","","","38","Hwt","Indoor Rower","No",""
"25742546","2016-02-03 20:28:00","1,186m row","""5:00.0""","300","","","1186","","","","2:06.4","173","895","75","","","38","Hwt","Indoor Rower","No",""
"25742545","2016-02-03 20:12:00","1,000m row","""3:43.5""","223.5","","","1000","","","","1:51.7","251","1163","72","","","38","Hwt","Indoor Rower","No",""
"25742544","2016-02-03 19:50:00","3,719m row","""15:00.0""","900","","","3719","","","","2:01.0","198","979","245","","","38","Hwt","Indoor Rower","No",""
"25742543","2016-02-02 15:07:00","4,046m row","""18:07.7""","1087.7","","","4046","","","","2:14.4","144","795","240","","","38","Hwt","Indoor Rower","No",""
"25742542","2016-02-02 14:47:00","2,000m row","""8:17.0""","497","","","2000","","","","2:04.2","182","927","128","","","38","Hwt","Indoor Rower","No",""
"25742541","2016-01-31 10:50:00","3,664m row","""15:00.0""","900","","","3664","","","","2:02.8","189","950","238","","","38","Hwt","Indoor Rower","No",""
"25742540","2016-01-30 11:57:00","8,061m row","""37:52.8""","2272.8","","","8061","","","","2:20.9","125","729","460","","","38","Hwt","Indoor Rower","No",""
"25742539","2016-01-24 11:33:00","4,333m row","""19:30.0""","1170","","","4333","","","","2:15.0","142","789","256","","","38","Hwt","Indoor Rower","No",""
"25742538","2016-01-24 11:11:00","500m row","""1:49.2""","109.2","","","500","","","","1:49.2","269","1225","37","","","38","Hwt","Indoor Rower","No",""
"25742537","2016-01-23 12:47:00","14,108m row","""1:07:08.0""","4028","","","14108","","","","2:22.7","120","714","799","","","38","Hwt","Indoor Rower","No",""
"25742536","2016-01-21 14:31:00","6,044m row","""27:41.2""","1661.2","","","6044","","","","2:17.4","135","764","353","","","38","Hwt","Indoor Rower","No",""
"25742535","2016-01-20 20:24:00","1,160m row","""5:00.0""","300","","","1160","","","","2:09.3","162","857","71","","","38","Hwt","Indoor Rower","No",""
"25742534","2016-01-20 20:09:00","1,000m row","""3:49.6""","229.6","","","1000","","","","1:54.8","231","1096","70","","","38","Hwt","Indoor Rower","No",""
"25742533","2016-01-19 14:59:00","1,000m row","""3:50.5""","230.5","","","1000","","","","1:55.2","229","1086","70","","","38","Hwt","Indoor Rower","No",""
"25742532","2016-01-19 14:50:00","2,000m row","""8:15.3""","495.3","","","2000","","","","2:03.8","184","934","129","","","38","Hwt","Indoor Rower","No",""
"25742531","2016-01-19 14:38:00","3,000m row","""12:41.6""","761.6","","","3000","","","","2:06.9","171","888","188","","","38","Hwt","Indoor Rower","No",""
"25742530","2016-01-18 14:42:00","6,044m row","""27:39.6""","1659.6","","","6044","","","","2:17.2","135","765","353","","","38","Hwt","Indoor Rower","No",""
"25742529","2016-01-17 11:36:00","5,786m row","""25:00.0""","1500","","","5786","","","","2:09.6","161","853","355","","","38","Hwt","Indoor Rower","No",""
"25742528","2016-01-17 10:49:00","2,472m row","""10:00.0""","600","","","2472","","","","2:01.3","196","973","162","","","38","Hwt","Indoor Rower","No",""
"25742527","2016-01-16 12:17:00","2,366m row","""10:00.0""","600","","","2366","","","","2:06.7","172","890","148","","","38","Hwt","Indoor Rower","No",""
"25742526","2016-01-16 11:09:00","2,457m row","""10:00.0""","600","","","2457","","","","2:02.1","192","961","160","","","38","Hwt","Indoor Rower","No",""
"25742525","2016-01-15 14:40:00","6,045m row","""27:44.0""","1664","","","6045","","","","2:17.6","134","762","352","","","38","Hwt","Indoor Rower","No",""
"25742524","2016-01-14 14:33:00","5,081m row","""23:22.1""","1402.1","","","5081","","","","2:17.9","133","758","295","","","38","Hwt","Indoor Rower","No",""
"25742523","2016-01-13 20:28:00","2,310m row","""10:00.0""","600","","","2310","","","","2:09.8","160","849","142","","","38","Hwt","Indoor Rower","No",""
"25742522","2016-01-13 20:07:00","500m row","""1:44.2""","104.2","","","500","","","","1:44.2","309","1364","39","","","38","Hwt","Indoor Rower","No",""
"25742521","2016-01-11 14:12:00","7,000m row","""29:11.9""","1751.9","","","7000","","","","2:05.1","179","914","445","","","38","Hwt","Indoor Rower","No",""
"25742520","2016-01-10 11:05:00","7,000m row","""29:28.6""","1768.6","","","7000","","","","2:06.3","174","897","441","","","38","Hwt","Indoor Rower","No",""
"25742519","2016-01-10 10:53:00","500m row","""1:39.8""","99.8","","","500","","","","1:39.8","352","1511","42","","","38","Hwt","Indoor Rower","No",""
"25742518","2016-01-09 12:18:00","3,552m row","""15:00.0""","900","","","3552","","","","2:06.6","172","892","223","","","38","Hwt","Indoor Rower","No",""
"25742517","2016-01-09 11:39:00","1,254m row","""5:00.0""","300","","","1254","","","","1:59.6","204","1003","84","","","38","Hwt","Indoor Rower","No",""
"25742516","2016-01-09 11:32:00","1,229m row","""5:00.0""","300","","","1229","","","","2:02.0","193","962","80","","","38","Hwt","Indoor Rower","No",""
"25742515","2016-01-07 14:55:00","3,000m row","""12:28.7""","748.7","","","3000","","","","2:04.7","180","919","191","","","38","Hwt","Indoor Rower","No",""
"25742514","2016-01-07 14:40:00","1,500m row","""6:00.5""","360.5","","","1500","","","","2:00.1","202","994","100","","","38","Hwt","Indoor Rower","No",""
"25742513","2016-01-07 14:31:00","3,000m row","""12:38.3""","758.3","","","3000","","","","2:06.3","173","896","189","","","38","Hwt","Indoor Rower","No",""
"25742512","2016-01-06 19:57:00","2,343m row","""10:00.0""","600","","","2343","","","","2:08.0","167","873","146","","","38","Hwt","Indoor Rower","No",""
"25742510","2016-01-06 19:48:00","2,541m row","""10:00.0""","600","","","2541","","","","1:58.0","213","1031","172","","","38","Hwt","Indoor Rower","No",""
"25742509","2016-01-05 14:23:00","2,500m row","""10:23.1""","623.1","","","2500","","","","2:04.6","181","922","160","","","38","Hwt","Indoor Rower","No",""
"25742508","2016-01-05 14:12:00","5,119m row","""24:18.5""","1458.5","","","5119","","","","2:22.4","121","716","290","","","38","Hwt","Indoor Rower","No",""
"25742507","2016-01-04 14:26:00","6,059m row","""27:37.8""","1657.8","","","6059","","","","2:16.8","137","770","355","","","38","Hwt","Indoor Rower","No",""
"25742506","2016-01-03 12:31:00","7,011m row","""30:00.0""","1800","","","7011","","","","2:08.3","165","869","435","","","38","Hwt","Indoor Rower","No",""
"25742505","2016-01-02 11:58:00","10,083m row","""46:20.8""","2780.8","","","10083","","","","2:17.8","133","759","586","","","38","Hwt","Indoor Rower","No",""
"25742504","2016-01-02 11:09:00","1,946m row","""7:50.3""","470.3","","","1946","","","","2:00.8","198","982","128","","","38","Hwt","Indoor Rower","No",""
"25742503","2015-12-30 14:49:00","1,200m row","""5:00.0""","300","","","1200","","","","2:05.0","179","916","76","","","38","Hwt","Indoor Rower","No",""
"25742502","2015-12-30 14:15:00","2,563m row","""10:00.0""","600","","","2563","","","","1:57.0","218","1051","175","","","38","Hwt","Indoor Rower","No",""
"25742501","2015-12-29 13:49:00","6,059m row","""30:12.5""","1812.5","","","6059","","","","2:29.5","105","659","332","","","38","Hwt","Indoor Rower","No",""
"25742499","2015-12-28 11:05:00","10,000m row","""42:53.6""","2573.6","","","10000","","","","2:08.6","164","865","618","","","38","Hwt","Indoor Rower","No",""
"25742498","2015-12-27 10:51:00","3,659m row","""15:00.0""","900","","","3659","","","","2:02.9","188","947","237","","","38","Hwt","Indoor Rower","No",""
"25742497","2015-12-23 13:23:00","1,000m row","""3:46.5""","226.5","","","1000","","","","1:53.2","241","1129","71","","","38","Hwt","Indoor Rower","No",""
"25742496","2015-12-20 11:32:00","10,000m row","""42:50.4""","2570.4","","","10000","","","","2:08.5","165","867","619","","","38","Hwt","Indoor Rower","No",""
"25742495","2015-12-20 10:48:00","100m row","""0:24.0""","24","","","100","","","","2:00.0","203","997","7","","","38","Hwt","Indoor Rower","No",""
"25742494","2015-12-19 11:28:00","2,000m row","""8:29.9""","509.9","","","2000","","","","2:07.4","169","881","125","","","38","Hwt","Indoor Rower","No",""
"25742493","2015-12-19 10:48:00","3,668m row","""15:00.0""","900","","","3668","","","","2:02.6","190","952","238","","","38","Hwt","Indoor Rower","No",""
"25742492","2015-12-19 10:33:00","62m row","""0:17.5""","17.5","","","62","","","","2:21.1","125","728","4","","","38","Hwt","Indoor Rower","No",""
"25742491","2015-12-16 20:28:00","2,000m row","""8:25.6""","505.6","","","2000","","","","2:06.4","173","896","126","","","38","Hwt","Indoor Rower","No",""
"25742490","2015-12-16 19:55:00","1,000m row","""3:51.3""","231.3","","","1000","","","","1:55.6","226","1078","69","","","38","Hwt","Indoor Rower","No",""
"25742489","2015-12-16 09:01:00","1,209m row","""5:02.3""","302.3","","","1209","","","","2:05.0","179","916","77","","","38","Hwt","Indoor Rower","No",""
"25742488","2015-12-16 08:51:00","829m row","""3:00.0""","180","","","829","","","","1:48.5","274","1241","62","","","38","Hwt","Indoor Rower","No",""
"25742487","2015-12-16 08:45:00","794m row","""3:00.0""","180","","","794","","","","1:53.3","240","1127","56","","","38","Hwt","Indoor Rower","No",""
"25742486","2015-12-16 08:39:00","820m row","""3:00.0""","180","","","820","","","","1:49.7","265","1211","61","","","38","Hwt","Indoor Rower","No",""
"25742485","2015-12-16 08:35:00","1,183m row","""5:05.3""","305.3","","","1183","","","","2:09.0","163","860","73","","","38","Hwt","Indoor Rower","No",""
"25742484","2015-12-15 14:46:00","5,000m row","""20:27.8""","1227.8","","","5000","","","","2:02.7","189","950","324","","","38","Hwt","Indoor Rower","No",""
"25742483","2015-12-15 14:25:00","29m row","""0:09.3""","9.3","","","29","","","","2:40.3","85","592","2","","","38","Hwt","Indoor Rower","No",""
"25742482","2015-12-15 14:20:00","2,000m row","""8:20.9""","500.9","","","2000","","","","2:05.2","178","913","127","","","38","Hwt","Indoor Rower","No",""
"25742481","2015-12-13 11:30:00","2,000m row","""8:38.0""","518","","","2000","","","","2:09.5","161","854","123","","","38","Hwt","Indoor Rower","No",""
"30219908","2015-12-12 00:00:00","2,000m row","""7:09.4""","429.4","","","2000","","","","1:47.3","283","1273","152","","","38","Hwt","Indoor Rower","No",""
"25742480","2015-12-09 19:59:00","2,569m row","""10:05.0""","605","","","2569","","","","1:57.7","214","1037","174","","","38","Hwt","Indoor Rower","No",""
"25742479","2015-12-07 20:39:00","856m row","""3:00.0""","180","","","856","","","","1:45.1","301","1336","67","","","38","Hwt","Indoor Rower","No",""
"25742478","2015-12-07 20:12:00","3,797m row","""15:05.5""","905.5","","","3797","","","","1:59.2","206","1010","254","","","38","Hwt","Indoor Rower","No",""
"25742477","2015-12-06 11:26:00","2,312m row","""10:00.0""","600","","","2312","","","","2:09.7","160","851","142","","","38","Hwt","Indoor Rower","No",""
"25742476","2015-12-05 12:06:00","10,000m row","""40:55.0""","2455","","","10000","","","","2:02.7","189","951","649","","","38","Hwt","Indoor Rower","Yes",""
"25742475","2015-12-05 11:25:00","675m row","""2:49.5""","169.5","","","675","","","","2:05.5","177","908","43","","","38","Hwt","Indoor Rower","No",""
"25742474","2015-12-04 13:34:00","2,565m row","""10:00.0""","600","","","2565","","","","1:56.9","219","1052","175","","","38","Hwt","Indoor Rower","No",""
"25742473","2015-12-04 13:17:00","2,505m row","""10:00.0""","600","","","2505","","","","1:59.7","204","1001","167","","","38","Hwt","Indoor Rower","No",""
"25742472","2015-12-01 14:15:00","2,014m row","""8:37.0""","517","","","2014","","","","2:08.3","166","869","125","","","38","Hwt","Indoor Rower","No",""
"25742471","2015-12-01 14:02:00","5,021m row","""20:24.0""","1224","","","5021","","","","2:01.8","193","965","328","","","38","Hwt","Indoor Rower","No",""
"25742470","2015-11-30 13:39:00","500m row","""1:27.5""","87.5","","","500","","","","1:27.5","522","2098","51","","","38","Hwt","Indoor Rower","Yes",""
"25742469","2015-11-30 13:33:00","510m row","""2:19.5""","139.5","","","510","","","","2:16.7","137","770","30","","","38","Hwt","Indoor Rower","No",""
"25742468","2015-11-27 14:38:00","5,000m row","""19:45.3""","1185.3","","","5000","","","","1:58.5","210","1023","337","","","38","Hwt","Indoor Rower","No",""
"25742467","2015-11-25 19:51:00","682m row","""4:00.0""","240","","","682","","","","2:55.9","64","521","35","","","38","Hwt","Indoor Rower","No",""
"25742465","2015-11-25 19:45:00","2,516m row","""10:04.9""","604.9","","","2516","","","","2:00.2","201","993","167","","","38","Hwt","Indoor Rower","No",""
"25742464","2015-11-24 15:05:00","1,170m row","""5:04.1""","304.1","","","1170","","","","2:09.9","159","848","72","","","38","Hwt","Indoor Rower","No",""
"25742463","2015-11-24 14:38:00","2,621m row","""10:00.0""","600","","","2621","","","","1:54.4","233","1103","184","","","38","Hwt","Indoor Rower","No",""
"25742462","2015-11-23 20:04:00","4,011m row","""16:00.0""","960","","","4011","","","","1:59.6","204","1002","267","","","38","Hwt","Indoor Rower","No",""
"25742461","2015-11-23 19:47:00","23m row","""0:10.6""","10.6","","","23","","","","3:50.4","29","398","1","","","38","Hwt","Indoor Rower","No",""
"25742460","2015-11-21 12:05:00","8,419m row","""41:57.2""","2517.2","","","8419","","","","2:29.4","105","660","461","","","38","Hwt","Indoor Rower","No",""
"25742458","2015-11-19 14:11:00","5,017m row","""20:19.6""","1219.6","","","5017","","","","2:01.5","195","970","329","","","38","Hwt","Indoor Rower","No",""
"25742457","2015-11-16 21:09:00","930m row","""4:18.1""","258.1","","","930","","","","2:18.7","131","750","54","","","38","Hwt","Indoor Rower","No",""
"25742456","2015-11-16 20:10:00","3,620m row","""15:04.4""","904.4","","","3620","","","","2:04.9","180","917","230","","","38","Hwt","Indoor Rower","No",""
"25742455","2015-11-10 14:42:00","9,235m row","""38:33.1""","2313.1","","","9235","","","","2:05.2","178","913","587","","","38","Hwt","Indoor Rower","No",""
"25742454","2015-11-09 20:05:00","3,676m row","""15:04.1""","904.1","","","3676","","","","2:02.9","188","947","238","","","38","Hwt","Indoor Rower","No",""
"25742453","2015-11-08 10:53:00","500m row","""1:28.6""","88.6","","","500","","","","1:28.5","503","2031","50","","","38","Hwt","Indoor Rower","No",""
"25742452","2015-11-07 02:12:00","2,000m row","""8:52.0""","532","","","2000","","","","2:13.0","149","812","120","","","38","Hwt","Indoor Rower","No",""
"25742451","2015-11-07 01:52:00","500m row","""1:29.1""","89.1","","","500","","","","1:29.1","495","2002","50","","","38","Hwt","Indoor Rower","No",""
"25742450","2015-11-07 01:47:00","2,020m row","""8:32.3""","512.3","","","2020","","","","2:06.8","172","890","127","","","38","Hwt","Indoor Rower","No",""
"25742449","2015-11-02 20:05:00","3,773m row","""16:09.0""","969","","","3773","","","","2:08.4","165","868","234","","","38","Hwt","Indoor Rower","No",""
"25742448","2015-11-01 11:55:00","2,524m row","""10:00.0""","600","","","2524","","","","1:58.8","208","1017","170","","","38","Hwt","Indoor Rower","No",""
"25742447","2015-11-01 11:44:00","1,011m row","""4:07.2""","247.2","","","1011","","","","2:02.2","192","959","66","","","38","Hwt","Indoor Rower","No",""
"25742445","2015-10-31 10:54:00","2,000m row","""7:13.5""","433.5","","","2000","","","","1:48.3","275","1246","150","","","38","Hwt","Indoor Rower","Yes",""
"25742444","2015-10-31 10:28:00","1,250m row","""5:13.6""","313.6","","","1250","","","","2:05.4","177","910","79","","","38","Hwt","Indoor Rower","No",""
"25742443","2015-10-29 14:38:00","5,327m row","""26:11.5""","1571.5","","","5327","","","","2:27.5","109","675","295","","","38","Hwt","Indoor Rower","No",""
"25742442","2015-10-29 14:10:00","1,084m row","""4:40.8""","280.8","","","1084","","","","2:09.5","161","854","67","","","38","Hwt","Indoor Rower","No",""
"25742441","2015-10-28 20:39:00","2,563m row","""10:00.0""","600","","","2563","","","","1:57.0","218","1051","175","","","38","Hwt","Indoor Rower","No",""
"25742440","2015-10-28 20:28:00","1,019m row","""4:25.2""","265.2","","","1019","","","","2:10.1","159","846","62","","","38","Hwt","Indoor Rower","No",""
"25742439","2015-10-26 21:07:00","3,644m row","""15:06.9""","906.9","","","3644","","","","2:04.4","182","925","233","","","38","Hwt","Indoor Rower","No",""
"25742438","2015-10-25 12:17:00","10,000m row","""42:34.0""","2554","","","10000","","","","2:07.7","168","878","623","","","38","Hwt","Indoor Rower","No",""
"25742437","2015-10-22 14:48:00","10,000m row","""41:26.4""","2486.4","","","10000","","","","2:04.3","182","926","640","","","38","Hwt","Indoor Rower","No",""
"25742436","2015-10-20 14:50:00","2,564m row","""17:30.0""","1050","","","2564","","","","3:24.7","41","440","128","","","38","Hwt","Indoor Rower","No",""
"25742435","2015-10-20 14:31:00","2,013m row","""8:36.2""","516.2","","","2013","","","","2:08.2","166","871","125","","","38","Hwt","Indoor Rower","No",""
"25742434","2015-10-15 18:25:00","2,034m row","""8:00.0""","480","","","2034","","","","1:57.9","213","1033","138","","","38","Hwt","Indoor Rower","No",""
"25742433","2015-10-15 18:14:00","2,011m row","""8:00.0""","480","","","2011","","","","1:59.3","206","1008","134","","","38","Hwt","Indoor Rower","No",""
"25742432","2015-10-15 18:05:00","1,169m row","""5:05.7""","305.7","","","1169","","","","2:10.7","157","838","71","","","38","Hwt","Indoor Rower","No",""
"25742431","2015-10-12 20:05:00","3,561m row","""15:18.0""","918","","","3561","","","","2:08.8","163","862","220","","","38","Hwt","Indoor Rower","No",""
"25742430","2015-10-10 12:15:00","1,014m row","""4:23.0""","263","","","1014","","","","2:09.6","160","852","62","","","38","Hwt","Indoor Rower","No",""
"25742429","2015-10-10 12:08:00","2,344m row","""16:00.0""","960","","","2344","","","","3:24.7","41","440","117","","","38","Hwt","Indoor Rower","No",""
"25742428","2015-10-10 11:50:00","2,013m row","""8:40.2""","520.2","","","2013","","","","2:09.2","162","858","124","","","38","Hwt","Indoor Rower","No",""
"25742427","2015-10-08 14:27:00","10,000m row","""41:44.5""","2504.5","","","10000","","","","2:05.2","178","913","635","","","38","Hwt","Indoor Rower","No",""
"25742426","2015-10-07 20:14:00","1,120m row","""5:03.8""","303.8","","","1120","","","","2:15.6","140","782","66","","","38","Hwt","Indoor Rower","No",""
"25742425","2015-10-05 20:07:00","3,532m row","""15:05.0""","905","","","3532","","","","2:08.1","166","872","219","","","38","Hwt","Indoor Rower","No",""
"25742424","2015-10-04 11:03:00","511m row","""2:00.0""","120","","","511","","","","1:57.4","216","1044","35","","","37","Hwt","Indoor Rower","No",""
"25742423","2015-10-04 10:54:00","522m row","""2:00.0""","120","","","522","","","","1:54.9","230","1093","36","","","37","Hwt","Indoor Rower","No",""
"25742422","2015-10-04 10:49:00","540m row","""2:06.2""","126.2","","","540","","","","1:56.8","219","1054","37","","","37","Hwt","Indoor Rower","No",""
"25742421","2015-10-02 14:59:00","10,000m row","""42:32.9""","2552.9","","","10000","","","","2:07.6","168","879","623","","","37","Hwt","Indoor Rower","No",""
"25742420","2015-09-30 14:50:00","2,557m row","""10:04.7""","604.7","","","2557","","","","1:58.2","212","1028","173","","","37","Hwt","Indoor Rower","No",""
"25742419","2015-09-30 14:34:00","874m row","""3:05.9""","185.9","","","874","","","","1:46.3","291","1301","67","","","37","Hwt","Indoor Rower","No",""
"25742418","2015-09-30 14:24:00","1,019m row","""4:45.1""","285.1","","","1019","","","","2:19.8","128","739","59","","","37","Hwt","Indoor Rower","No",""
"25742417","2015-09-28 14:28:00","1,019m row","""4:47.5""","287.5","","","1019","","","","2:21.0","125","729","58","","","37","Hwt","Indoor Rower","No",""
"25742416","2015-09-28 14:18:00","2,511m row","""10:00.0""","600","","","2511","","","","1:59.4","205","1006","168","","","37","Hwt","Indoor Rower","No",""
"25742415","2015-09-28 14:05:00","2,253m row","""10:02.7""","602.7","","","2253","","","","2:13.7","146","803","134","","","37","Hwt","Indoor Rower","No",""
"25742414","2015-09-23 19:50:00","500m row","""1:45.0""","105","","","500","","","","1:45.0","302","1340","39","","","37","Hwt","Indoor Rower","No",""
"25742413","2015-09-23 19:46:00","500m row","""1:42.8""","102.8","","","500","","","","1:42.8","322","1408","40","","","37","Hwt","Indoor Rower","No",""
"25742412","2015-09-23 19:42:00","500m row","""1:41.9""","101.9","","","500","","","","1:41.9","331","1438","41","","","37","Hwt","Indoor Rower","No",""
"25742411","2015-09-22 14:49:00","7,040m row","""30:00.0""","1800","","","7040","","","","2:07.8","168","876","438","","","37","Hwt","Indoor Rower","No",""
"25742410","2015-09-22 14:17:00","1,073m row","""4:55.6""","295.6","","","1073","","","","2:17.7","134","760","62","","","37","Hwt","Indoor Rower","No",""
"25742409","2015-09-21 14:06:00","7,008m row","""30:00.0""","1800","","","7008","","","","2:08.4","165","868","434","","","37","Hwt","Indoor Rower","No",""
"25742408","2015-09-21 13:33:00","1,126m row","""5:00.5""","300.5","","","1126","","","","2:13.4","147","806","67","","","37","Hwt","Indoor Rower","No",""
"25742407","2015-09-20 10:40:00","2,287m row","""10:06.1""","606.1","","","2287","","","","2:12.5","150","817","138","","","37","Hwt","Indoor Rower","No",""
"25742406","2015-09-15 14:33:00","1,017m row","""4:26.0""","266","","","1017","","","","2:10.7","156","838","62","","","37","Hwt","Indoor Rower","No",""
"25742405","2015-09-15 14:22:00","2,542m row","""10:00.0""","600","","","2542","","","","1:58.0","213","1032","172","","","37","Hwt","Indoor Rower","No",""
"25742404","2015-09-15 14:09:00","2,015m row","""8:44.9""","524.9","","","2015","","","","2:10.2","158","845","123","","","37","Hwt","Indoor Rower","No",""
"25742403","2015-09-12 13:04:00","2,023m row","""8:00.0""","480","","","2023","","","","1:58.6","210","1021","136","","","37","Hwt","Indoor Rower","No",""
"25742402","2015-09-12 12:52:00","2,002m row","""8:00.0""","480","","","2002","","","","1:59.8","203","999","133","","","37","Hwt","Indoor Rower","No",""
"25742401","2015-09-12 12:43:00","1,132m row","""5:03.7""","303.7","","","1132","","","","2:14.1","145","799","67","","","37","Hwt","Indoor Rower","No",""
"25742400","2015-09-10 14:51:00","4,756m row","""20:00.0""","1200","","","4756","","","","2:06.1","174","899","300","","","37","Hwt","Indoor Rower","No",""
"25742399","2015-09-10 14:29:00","1,063m row","""4:43.7""","283.7","","","1063","","","","2:13.4","147","806","64","","","37","Hwt","Indoor Rower","No",""
"25742398","2015-09-08 14:49:00","1,010m row","""4:28.5""","268.5","","","1010","","","","2:12.9","149","812","61","","","37","Hwt","Indoor Rower","No",""
"25742397","2015-09-08 14:42:00","2,054m row","""8:00.0""","480","","","2054","","","","1:56.8","219","1055","141","","","37","Hwt","Indoor Rower","No",""
"25742396","2015-09-08 14:28:00","2,016m row","""9:04.0""","544","","","2016","","","","2:14.9","143","790","119","","","37","Hwt","Indoor Rower","No",""
"25742395","2015-09-06 12:10:00","1,768m row","""7:00.0""","420","","","1768","","","","1:58.7","209","1018","119","","","37","Hwt","Indoor Rower","No",""
"25742394","2015-09-06 11:58:00","1,759m row","""7:00.0""","420","","","1759","","","","1:59.3","206","1007","117","","","37","Hwt","Indoor Rower","No",""
"25742393","2015-09-06 11:50:00","1,143m row","""5:04.5""","304.5","","","1143","","","","2:13.2","148","809","68","","","37","Hwt","Indoor Rower","No",""
"25742392","2015-09-01 13:50:00","3,617m row","""15:00.0""","900","","","3617","","","","2:04.4","182","925","231","","","37","Hwt","Indoor Rower","No",""
"25742391","2015-09-01 13:28:00","3,607m row","""15:00.0""","900","","","3607","","","","2:04.7","180","920","230","","","37","Hwt","Indoor Rower","No",""
"25742390","2015-09-01 13:12:00","533m row","""2:23.8""","143.8","","","533","","","","2:14.8","143","790","32","","","37","Hwt","Indoor Rower","No",""
"25742389","2015-08-31 10:50:00","1,059m row","""5:05.5""","305.5","","","1059","","","","2:24.2","117","701","59","","","37","Hwt","Indoor Rower","No",""
"25742388","2015-08-31 10:42:00","9,253m row","""40:00.0""","2400","","","9253","","","","2:09.6","160","852","568","","","37","Hwt","Indoor Rower","No",""
"25742387","2015-08-30 11:14:00","3,373m row","""14:00.0""","840","","","3373","","","","2:04.5","181","923","215","","","37","Hwt","Indoor Rower","No",""
"25742386","2015-08-30 10:54:00","3,351m row","""14:00.0""","840","","","3351","","","","2:05.3","178","911","213","","","37","Hwt","Indoor Rower","No",""
"25742385","2015-08-25 19:31:00","4,841m row","""20:00.0""","1200","","","4841","","","","2:03.9","184","932","311","","","37","Hwt","Indoor Rower","No",""
"25742384","2015-08-25 19:09:00","1,137m row","""5:00.0""","300","","","1137","","","","2:11.9","152","824","69","","","37","Hwt","Indoor Rower","No",""
"25742383","2015-08-23 11:19:00","1,133m row","""5:04.5""","304.5","","","1133","","","","2:14.3","144","796","67","","","37","Hwt","Indoor Rower","No",""
"25742382","2015-08-20 14:25:00","2,872m row","""12:00.0""","720","","","2872","","","","2:05.3","178","911","182","","","37","Hwt","Indoor Rower","No",""
"25742381","2015-08-20 14:09:00","2,855m row","""12:00.0""","720","","","2855","","","","2:06.0","175","900","180","","","37","Hwt","Indoor Rower","No",""
"25742380","2015-08-20 13:55:00","299m row","""1:11.7""","71.7","","","299","","","","1:59.8","203","998","20","","","37","Hwt","Indoor Rower","No",""
"25742379","2015-08-20 13:52:00","1,112m row","""5:00.0""","300","","","1112","","","","2:14.8","143","790","66","","","37","Hwt","Indoor Rower","No",""
"25742378","2015-08-19 20:22:00","1,056m row","""4:57.1""","297.1","","","1056","","","","2:20.6","126","732","60","","","37","Hwt","Indoor Rower","No",""
"25742376","2015-08-19 20:14:00","2,413m row","""10:00.0""","600","","","2413","","","","2:04.3","182","926","154","","","37","Hwt","Indoor Rower","No",""
"25742375","2015-08-19 19:59:00","2,390m row","""10:00.0""","600","","","2390","","","","2:05.5","177","909","152","","","37","Hwt","Indoor Rower","No",""
"25742374","2015-08-19 19:46:00","2,180m row","""10:00.0""","600","","","2180","","","","2:17.6","134","762","127","","","37","Hwt","Indoor Rower","No",""
"25742373","2015-08-18 14:33:00","1,117m row","""5:04.9""","304.9","","","1117","","","","2:16.4","138","773","65","","","37","Hwt","Indoor Rower","No",""
"25742372","2015-08-18 14:22:00","4,300m row","""18:00.0""","1080","","","4300","","","","2:05.5","177","908","272","","","37","Hwt","Indoor Rower","No",""
"25742371","2015-08-18 13:59:00","1,161m row","""5:03.1""","303.1","","","1161","","","","2:10.5","157","841","71","","","37","Hwt","Indoor Rower","No",""
"25742370","2015-08-16 09:51:00","2,837m row","""12:00.0""","720","","","2837","","","","2:06.8","171","889","178","","","37","Hwt","Indoor Rower","No",""
"25742369","2015-08-13 14:19:00","1,011m row","""4:44.7""","284.7","","","1011","","","","2:20.8","125","731","58","","","37","Hwt","Indoor Rower","No",""
"25742368","2015-08-13 14:08:00","4,256m row","""18:00.0""","1080","","","4256","","","","2:06.8","171","889","267","","","37","Hwt","Indoor Rower","No",""
"25742367","2015-08-13 13:48:00","1,081m row","""4:50.4""","290.4","","","1081","","","","2:14.3","144","797","64","","","37","Hwt","Indoor Rower","No",""
"25742366","2015-08-11 13:58:00","2,000m row","""7:16.0""","436","","","2000","","","","1:49.0","270","1230","149","","","37","Hwt","Indoor Rower","No",""
"25742365","2015-08-11 13:44:00","1,085m row","""5:03.5""","303.5","","","1085","","","","2:19.8","128","740","62","","","37","Hwt","Indoor Rower","No",""
"25742364","2015-08-09 11:22:00","13,292m row","""1:00:00.0""","3600","","","13292","","","","2:15.4","141","785","785","","","37","Hwt","Indoor Rower","No",""
"25742363","2015-08-04 15:20:00","1,907m row","""8:00.0""","480","","","1907","","","","2:05.8","176","904","121","","","37","Hwt","Indoor Rower","No",""
"25742362","2015-08-04 15:08:00","1,925m row","""8:00.0""","480","","","1925","","","","2:04.6","181","921","123","","","37","Hwt","Indoor Rower","No",""
"25742360","2015-08-04 14:57:00","1,953m row","""8:00.0""","480","","","1953","","","","2:02.8","189","949","127","","","37","Hwt","Indoor Rower","No",""
"25742359","2015-08-04 14:46:00","1,014m row","""5:00.0""","300","","","1014","","","","2:27.9","108","672","56","","","37","Hwt","Indoor Rower","No",""
"25742358","2015-08-02 11:26:00","500m row","""1:45.4""","105.4","","","500","","","","1:45.4","299","1328","39","","","37","Hwt","Indoor Rower","No",""
"25742357","2015-08-02 11:21:00","500m row","""1:47.3""","107.3","","","500","","","","1:47.3","283","1275","38","","","37","Hwt","Indoor Rower","No",""
"25742356","2015-07-29 19:59:00","1,000m row","""3:50.2""","230.2","","","1000","","","","1:55.1","230","1089","70","","","37","Hwt","Indoor Rower","No",""
"25742355","2015-07-29 19:50:00","1,000m row","""3:50.9""","230.9","","","1000","","","","1:55.4","227","1082","69","","","37","Hwt","Indoor Rower","No",""
"25742354","2015-07-29 19:42:00","1,000m row","""3:29.4""","209.4","","","1000","","","","1:44.7","305","1349","78","","","37","Hwt","Indoor Rower","Yes",""
"25742353","2015-07-28 19:41:00","4,567m row","""20:03.0""","1203","","","4567","","","","2:11.7","153","827","276","","","37","Hwt","Indoor Rower","No",""
"25742352","2015-07-28 19:09:00","4,809m row","""20:00.0""","1200","","","4809","","","","2:04.7","180","920","307","","","37","Hwt","Indoor Rower","No",""
"25742351","2015-07-26 10:54:00","500m row","""1:51.0""","111","","","500","","","","1:51.0","256","1180","36","","","37","Hwt","Indoor Rower","No",""
"25742350","2015-07-26 10:47:00","500m row","""1:44.3""","104.3","","","500","","","","1:44.3","308","1361","39","","","37","Hwt","Indoor Rower","No",""
"25742349","2015-07-26 10:39:00","500m row","""1:35.2""","95.2","","","500","","","","1:35.2","406","1696","45","","","37","Hwt","Indoor Rower","No",""
"25742348","2015-07-21 14:28:00","4,571m row","""20:00.0""","1200","","","4571","","","","2:11.2","155","832","277","","","37","Hwt","Indoor Rower","No",""
"25742347","2015-07-21 14:04:00","4,664m row","""20:00.0""","1200","","","4664","","","","2:08.6","164","865","288","","","37","Hwt","Indoor Rower","No",""
"25742346","2015-07-16 14:10:00","3,225m row","""14:00.0""","840","","","3225","","","","2:10.2","158","845","197","","","37","Hwt","Indoor Rower","No",""
"25742345","2015-07-16 13:48:00","3,239m row","""14:00.0""","840","","","3239","","","","2:09.6","161","852","199","","","37","Hwt","Indoor Rower","No",""
"25742344","2015-07-16 13:33:00","1,083m row","""5:04.1""","304.1","","","1083","","","","2:20.3","126","735","62","","","37","Hwt","Indoor Rower","No",""
"25742343","2015-07-14 13:13:00","1,019m row","""4:48.5""","288.5","","","1019","","","","2:21.5","123","724","58","","","37","Hwt","Indoor Rower","No",""
"25742342","2015-07-14 12:59:00","536m row","""2:00.0""","120","","","536","","","","1:51.9","250","1158","39","","","37","Hwt","Indoor Rower","No",""
"25742341","2015-07-14 12:54:00","538m row","""2:00.0""","120","","","538","","","","1:51.5","252","1168","39","","","37","Hwt","Indoor Rower","No",""
"25742340","2015-07-14 12:50:00","3,389m row","""15:00.0""","900","","","3389","","","","2:12.7","150","814","204","","","37","Hwt","Indoor Rower","No",""
"25742339","2015-07-14 12:34:00","36m row","""0:13.4""","13.4","","","36","","","","3:06.1","54","486","2","","","37","Hwt","Indoor Rower","No",""
"25742338","2015-07-13 14:22:00","8,693m row","""40:00.0""","2400","","","8693","","","","2:18.0","133","757","505","","","37","Hwt","Indoor Rower","No",""
"25742337","2015-07-13 13:39:00","1,013m row","""4:39.5""","279.5","","","1013","","","","2:17.9","133","758","59","","","37","Hwt","Indoor Rower","No",""
"25742336","2015-07-12 11:03:00","500m row","""1:46.4""","106.4","","","500","","","","1:46.4","291","1300","38","","","37","Hwt","Indoor Rower","No",""
"25742335","2015-07-12 10:57:00","1,000m row","""3:51.8""","231.8","","","1000","","","","1:55.9","225","1073","69","","","37","Hwt","Indoor Rower","No",""
"25742334","2015-07-12 10:51:00","500m row","""1:43.4""","103.4","","","500","","","","1:43.4","317","1389","40","","","37","Hwt","Indoor Rower","No",""
"25742333","2015-07-12 10:46:00","250m row","""0:45.0""","45","","","250","","","","1:30.0","480","1952","24","","","37","Hwt","Indoor Rower","No",""
"25742332","2015-07-12 10:43:00","2,294m row","""10:06.2""","606.2","","","2294","","","","2:12.1","152","822","138","","","37","Hwt","Indoor Rower","No",""
"25742331","2015-07-10 14:08:00","2,530m row","""10:00.0""","600","","","2530","","","","1:58.5","210","1022","170","","","37","Hwt","Indoor Rower","No",""
"25742330","2015-07-10 13:57:00","1,213m row","""5:05.6""","305.6","","","1213","","","","2:05.9","175","902","77","","","37","Hwt","Indoor Rower","No",""
"25742329","2015-07-08 20:00:00","3,388m row","""15:00.0""","900","","","3388","","","","2:12.8","149","814","204","","","37","Hwt","Indoor Rower","No",""
"25742328","2015-07-08 19:42:00","3,433m row","""15:00.0""","900","","","3433","","","","2:11.0","155","834","209","","","37","Hwt","Indoor Rower","No",""
"25742327","2015-07-07 13:15:00","6,837m row","""30:00.0""","1800","","","6837","","","","2:11.6","153","828","414","","","37","Hwt","Indoor Rower","No",""
"25742326","2015-07-07 12:43:00","1,090m row","""5:03.1""","303.1","","","1090","","","","2:19.0","130","748","63","","","37","Hwt","Indoor Rower","No",""
"25742325","2015-07-05 11:03:00","250m row","""0:44.5""","44.5","","","250","","","","1:28.9","496","2008","25","","","37","Hwt","Indoor Rower","No",""
"25742324","2015-07-05 10:57:00","500m row","""1:44.2""","104.2","","","500","","","","1:44.2","309","1364","39","","","37","Hwt","Indoor Rower","No",""
"25742323","2015-07-05 10:49:00","1,000m row","""3:39.9""","219.9","","","1000","","","","1:49.9","263","1206","74","","","37","Hwt","Indoor Rower","No",""
"25742322","2015-07-05 10:41:00","2,214m row","""10:00.0""","600","","","2214","","","","2:15.5","141","784","131","","","37","Hwt","Indoor Rower","No",""
"25742321","2015-07-02 14:01:00","1,874m row","""8:00.0""","480","","","1874","","","","2:08.0","167","873","116","","","37","Hwt","Indoor Rower","No",""
"25742320","2015-07-02 13:49:00","1,901m row","""8:00.0""","480","","","1901","","","","2:06.2","174","898","120","","","37","Hwt","Indoor Rower","No",""
"25742319","2015-07-02 13:35:00","1,913m row","""8:00.0""","480","","","1913","","","","2:05.4","177","910","121","","","37","Hwt","Indoor Rower","No",""
"25742318","2015-07-02 13:24:00","1,099m row","""5:06.5""","306.5","","","1099","","","","2:19.4","129","744","63","","","37","Hwt","Indoor Rower","No",""
"25742317","2015-07-01 19:47:00","500m row","""1:45.6""","105.6","","","500","","","","1:45.6","297","1322","39","","","37","Hwt","Indoor Rower","No",""
"25742316","2015-07-01 19:42:00","500m row","""1:45.4""","105.4","","","500","","","","1:45.4","299","1328","39","","","37","Hwt","Indoor Rower","No",""
"25742315","2015-07-01 19:36:00","500m row","""1:38.7""","98.7","","","500","","","","1:38.6","364","1552","43","","","37","Hwt","Indoor Rower","No",""
"25742314","2015-07-01 19:33:00","2,259m row","""10:06.7""","606.7","","","2259","","","","2:14.2","145","797","134","","","37","Hwt","Indoor Rower","No",""
"25742313","2015-06-25 13:58:00","2,018m row","""9:19.3""","559.3","","","2018","","","","2:18.5","132","752","117","","","37","Hwt","Indoor Rower","No",""
"25742312","2015-06-25 13:47:00","516m row","""2:00.0""","120","","","516","","","","1:56.2","223","1066","36","","","37","Hwt","Indoor Rower","No",""
"25742311","2015-06-25 13:43:00","519m row","""2:00.0""","120","","","519","","","","1:55.6","227","1079","36","","","37","Hwt","Indoor Rower","No",""
"25742310","2015-06-25 13:40:00","520m row","""2:00.0""","120","","","520","","","","1:55.3","228","1084","36","","","37","Hwt","Indoor Rower","No",""
"25742309","2015-06-25 13:36:00","527m row","""2:00.0""","120","","","527","","","","1:53.8","237","1116","37","","","37","Hwt","Indoor Rower","No",""
"25742308","2015-06-25 13:33:00","2,617m row","""12:06.4""","726.4","","","2617","","","","2:18.7","131","750","151","","","37","Hwt","Indoor Rower","No",""
"25742307","2015-06-23 14:16:00","2,956m row","""13:00.0""","780","","","2956","","","","2:11.9","152","824","179","","","37","Hwt","Indoor Rower","No",""
"25742306","2015-06-23 13:59:00","2,993m row","""13:00.0""","780","","","2993","","","","2:10.3","158","844","183","","","37","Hwt","Indoor Rower","No",""
"25742305","2015-06-23 13:44:00","1,113m row","""5:09.7""","309.7","","","1113","","","","2:19.1","130","747","64","","","37","Hwt","Indoor Rower","No",""
"25742304","2015-06-21 10:25:00","1,008m row","""5:05.7""","305.7","","","1008","","","","2:31.6","100","645","55","","","37","Hwt","Indoor Rower","No",""
"25742303","2015-06-21 10:18:00","500m row","""1:39.8""","99.8","","","500","","","","1:39.8","352","1511","42","","","37","Hwt","Indoor Rower","No",""
"25742302","2015-06-18 13:19:00","2,018m row","""9:23.4""","563.4","","","2018","","","","2:19.5","129","742","116","","","37","Hwt","Indoor Rower","No",""
"25742301","2015-06-18 13:07:00","2,393m row","""10:00.0""","600","","","2393","","","","2:05.3","178","911","152","","","37","Hwt","Indoor Rower","No",""
"25742300","2015-06-18 12:54:00","2,636m row","""12:00.0""","720","","","2636","","","","2:16.5","137","772","154","","","37","Hwt","Indoor Rower","No",""
"25742299","2015-06-14 11:49:00","1,687m row","""7:00.0""","420","","","1687","","","","2:04.4","181","924","108","","","37","Hwt","Indoor Rower","No",""
"25742298","2015-06-14 11:38:00","1,701m row","""7:00.0""","420","","","1701","","","","2:03.4","186","940","110","","","37","Hwt","Indoor Rower","No",""
"25742297","2015-06-14 11:28:00","1,503m row","""6:58.7""","418.7","","","1503","","","","2:19.2","130","745","87","","","37","Hwt","Indoor Rower","No",""
"25742296","2015-06-09 21:15:00","3,469m row","""15:00.0""","900","","","3469","","","","2:09.7","160","851","213","","","37","Hwt","Indoor Rower","No",""
"25742295","2015-06-09 20:55:00","3,425m row","""15:00.0""","900","","","3425","","","","2:11.3","154","831","208","","","37","Hwt","Indoor Rower","No",""
"25742294","2015-06-09 20:39:00","2,005m row","""9:09.4""","549.4","","","2005","","","","2:17.0","136","768","117","","","37","Hwt","Indoor Rower","No",""
"25742293","2015-06-09 13:32:00","3,437m row","""15:00.0""","900","","","3437","","","","2:10.9","156","836","209","","","37","Hwt","Indoor Rower","No",""
"25742292","2015-06-09 13:16:00","1,082m row","""5:01.6""","301.6","","","1082","","","","2:19.3","129","744","62","","","37","Hwt","Indoor Rower","No",""
"25742290","2015-06-07 10:20:00","6,586m row","""30:00.0""","1800","","","6586","","","","2:16.6","137","772","386","","","37","Hwt","Indoor Rower","No",""
"25742289","2015-06-07 09:43:00","2,008m row","""9:06.9""","546.9","","","2008","","","","2:16.1","139","776","118","","","37","Hwt","Indoor Rower","No",""
"25742288","2015-06-04 13:35:00","6,493m row","""30:00.0""","1800","","","6493","","","","2:18.6","131","752","376","","","37","Hwt","Indoor Rower","No",""
"25742287","2015-06-04 13:02:00","2,203m row","""10:00.0""","600","","","2203","","","","2:16.1","139","776","129","","","37","Hwt","Indoor Rower","No",""
"25742286","2015-06-02 13:25:00","6,430m row","""30:00.0""","1800","","","6430","","","","2:19.9","128","739","370","","","37","Hwt","Indoor Rower","No",""
"25742285","2015-06-02 12:50:00","1,746m row","""8:00.0""","480","","","1746","","","","2:17.4","135","763","102","","","37","Hwt","Indoor Rower","No",""
"25742284","2015-05-31 11:32:00","1,075m row","""5:03.6""","303.6","","","1075","","","","2:21.2","124","727","61","","","37","Hwt","Indoor Rower","No",""
"25742283","2015-05-31 11:26:00","505m row","""2:06.3""","126.3","","","505","","","","2:05.0","179","916","32","","","37","Hwt","Indoor Rower","No",""
"25742282","2015-05-31 11:21:00","3,403m row","""15:00.0""","900","","","3403","","","","2:12.2","151","820","205","","","37","Hwt","Indoor Rower","No",""
"25742281","2015-05-31 10:59:00","3,444m row","""15:00.0""","900","","","3444","","","","2:10.6","157","839","210","","","37","Hwt","Indoor Rower","No",""
"25742280","2015-05-31 10:43:00","1,758m row","""8:01.7""","481.7","","","1758","","","","2:17.0","136","768","103","","","37","Hwt","Indoor Rower","No",""
"25742279","2015-05-28 14:28:00","2,015m row","""9:26.2""","566.2","","","2015","","","","2:20.4","126","734","115","","","37","Hwt","Indoor Rower","No",""
"25742278","2015-05-28 14:13:00","2,387m row","""10:00.0""","600","","","2387","","","","2:05.6","176","906","151","","","37","Hwt","Indoor Rower","No",""
"25742277","2015-05-28 14:00:00","2,016m row","""8:57.3""","537.3","","","2016","","","","2:13.2","148","809","121","","","37","Hwt","Indoor Rower","No",""
"25742276","2015-05-27 21:00:00","4,339m row","""20:00.0""","1200","","","4339","","","","2:18.2","132","755","252","","","37","Hwt","Indoor Rower","No",""
"25742275","2015-05-27 20:34:00","4,572m row","""20:00.0""","1200","","","4572","","","","2:11.2","155","832","277","","","37","Hwt","Indoor Rower","No",""
"25742274","2015-05-27 20:12:00","2,342m row","""10:34.0""","634","","","2342","","","","2:15.3","141","785","138","","","37","Hwt","Indoor Rower","No",""
"25742273","2015-05-27 19:48:00","557m row","""2:47.0""","167","","","557","","","","2:29.9","104","657","30","","","37","Hwt","Indoor Rower","No",""
"25742272","2015-05-26 14:34:00","2,017m row","""10:11.2""","611.2","","","2017","","","","2:31.5","101","646","110","","","37","Hwt","Indoor Rower","No",""
"25742271","2015-05-26 14:18:00","1,874m row","""8:00.0""","480","","","1874","","","","2:08.0","167","873","116","","","37","Hwt","Indoor Rower","No",""
"25742270","2015-05-26 14:04:00","1,927m row","""8:00.0""","480","","","1927","","","","2:04.5","181","923","123","","","37","Hwt","Indoor Rower","No",""
"25742269","2015-05-26 13:51:00","3,098m row","""15:00.0""","900","","","3098","","","","2:25.2","114","693","173","","","37","Hwt","Indoor Rower","No",""
"25742268","2015-05-22 11:37:00","1,018m row","""4:47.4""","287.4","","","1018","","","","2:21.1","124","728","58","","","37","Hwt","Indoor Rower","No",""
"25742267","2015-05-22 11:29:00","1,918m row","""8:00.0""","480","","","1918","","","","2:05.1","179","914","122","","","37","Hwt","Indoor Rower","No",""
"25742266","2015-05-22 11:18:00","2,018m row","""9:02.6""","542.6","","","2018","","","","2:14.4","144","795","120","","","37","Hwt","Indoor Rower","No",""
"25742265","2015-05-20 21:02:00","8,449m row","""40:00.0""","2400","","","8449","","","","2:22.0","122","720","480","","","37","Hwt","Indoor Rower","No",""
"25742264","2015-05-20 20:20:00","1,044m row","""4:54.7""","294.7","","","1044","","","","2:21.1","124","728","60","","","37","Hwt","Indoor Rower","No",""
"25742263","2015-05-19 14:18:00","2,447m row","""12:06.8""","726.8","","","2447","","","","2:28.5","107","667","135","","","37","Hwt","Indoor Rower","No",""
"25742262","2015-05-19 14:04:00","1,633m row","""7:00.0""","420","","","1633","","","","2:08.5","165","866","101","","","37","Hwt","Indoor Rower","No",""
"25742261","2015-05-19 13:53:00","1,663m row","""7:00.0""","420","","","1663","","","","2:06.2","174","898","105","","","37","Hwt","Indoor Rower","No",""
"25742260","2015-05-19 13:41:00","2,565m row","""12:03.3""","723.3","","","2565","","","","2:20.9","125","729","146","","","37","Hwt","Indoor Rower","No",""
"25742259","2015-05-17 10:26:00","1,019m row","""5:18.8""","318.8","","","1019","","","","2:36.4","91","614","54","","","37","Hwt","Indoor Rower","No",""
"25742258","2015-05-17 10:18:00","3,391m row","""15:00.0""","900","","","3391","","","","2:12.7","150","815","204","","","37","Hwt","Indoor Rower","No",""
"25742257","2015-05-17 09:58:00","3,412m row","""15:00.0""","900","","","3412","","","","2:11.8","153","825","206","","","37","Hwt","Indoor Rower","No",""
"25742256","2015-05-17 09:40:00","1,692m row","""8:05.5""","485.5","","","1692","","","","2:23.4","119","707","95","","","37","Hwt","Indoor Rower","No",""
"25742255","2015-05-15 14:39:00","1,014m row","""5:09.7""","309.7","","","1014","","","","2:32.7","98","638","55","","","37","Hwt","Indoor Rower","No",""
"25742254","2015-05-15 14:30:00","3,231m row","""14:00.0""","840","","","3231","","","","2:09.9","159","848","198","","","37","Hwt","Indoor Rower","No",""
"25742253","2015-05-15 14:11:00","3,108m row","""14:00.0""","840","","","3108","","","","2:15.1","142","788","184","","","37","Hwt","Indoor Rower","No",""
"25742252","2015-05-15 13:53:00","1,020m row","""4:48.1""","288.1","","","1020","","","","2:21.2","124","727","58","","","37","Hwt","Indoor Rower","No",""
"25742251","2015-05-14 14:31:00","1,016m row","""5:17.9""","317.9","","","1016","","","","2:36.4","91","614","54","","","37","Hwt","Indoor Rower","No",""
"25742250","2015-05-14 14:24:00","3,003m row","""13:00.0""","780","","","3003","","","","2:09.8","160","849","184","","","37","Hwt","Indoor Rower","No",""
"25742249","2015-05-14 14:05:00","2,996m row","""13:00.0""","780","","","2996","","","","2:10.1","159","846","183","","","37","Hwt","Indoor Rower","No",""
"25742247","2015-05-14 13:49:00","1,683m row","""8:02.9""","482.9","","","1683","","","","2:23.4","119","707","95","","","37","Hwt","Indoor Rower","No",""
"25742246","2015-05-12 13:03:00","2,322m row","""10:00.0""","600","","","2322","","","","2:09.1","162","858","143","","","37","Hwt","Indoor Rower","No",""
"25742245","2015-05-12 12:49:00","2,313m row","""10:00.0""","600","","","2313","","","","2:09.7","160","852","142","","","37","Hwt","Indoor Rower","No",""
"25742243","2015-05-12 12:36:00","1,195m row","""5:05.3""","305.3","","","1195","","","","2:07.7","168","877","74","","","37","Hwt","Indoor Rower","No",""
"25742242","2015-05-10 08:47:00","4,329m row","""20:00.0""","1200","","","4329","","","","2:18.6","131","752","251","","","37","Hwt","Indoor Rower","No",""
"25742241","2015-05-07 13:50:00","3,083m row","""14:00.0""","840","","","3083","","","","2:16.2","138","776","181","","","37","Hwt","Indoor Rower","No",""
"25742240","2015-05-07 13:35:00","1,164m row","""5:19.7""","319.7","","","1164","","","","2:17.3","135","765","68","","","37","Hwt","Indoor Rower","No",""
